borough_id,region_name,name,transaction_volume,property_count,average_sale_price,year
4,LA GUARDIA AIRPORT,Queens,2,2,776250,2018
1,ALPHABET CITY,Manhattan,112,88,3205809.179,2018
5,ANNADALE,Staten Island,128,125,752266.6172,2018
5,ARDEN HEIGHTS,Staten Island,241,233,440622.9502,2018
5,ARROCHAR,Staten Island,15,15,554193.0667,2018
5,SHORE ACRES,Staten Island,22,17,436090,2018
4,ARVERNE,Queens,150,141,452504.8467,2018
4,ASTORIA,Queens,573,464,1321616.12,2018
3,BATH BEACH,Brooklyn,193,172,925934,2018
2,BATHGATE,Bronx,66,60,1130869.894,2018
3,BAY RIDGE,Brooklyn,560,413,1242405.309,2018
2,BAYCHESTER,Bronx,317,281,496001.3628,2018
4,BAYSIDE,Queens,774,547,793283.5362,2018
2,BEDFORD PARK,Bronx,164,126,1654545.982,2018
2,NORWOOD,Bronx,164,126,1654545.982,2018
3,BEDFORD STUYVESANT,Brooklyn,820,788,1258487.289,2018
4,BEECHHURST,Queens,121,81,655758.157,2018
4,BELLE HARBOR,Queens,71,64,839537.1268,2018
4,BELLEROSE,Queens,161,155,674340.4161,2018
2,BELMONT,Bronx,41,41,2281424.195,2018
3,BENSONHURST,Brooklyn,282,269,1118810.816,2018
3,BERGEN BEACH,Brooklyn,118,116,714865.1271,2018
5,BLOOMFIELD,Staten Island,3,3,1331791.667,2018
3,BOERUM HILL,Brooklyn,141,139,2500939.397,2018
3,BOROUGH PARK,Brooklyn,554,545,1490433.46,2018
4,BREEZY POINT,Queens,86,3,452906.9767,2018
4,BRIARWOOD,Queens,161,78,477139.7019,2018
3,BRIGHTON BEACH,Brooklyn,249,175,608830.2209,2018
4,BROAD CHANNEL,Queens,39,38,294523.5641,2018
2,BRONX PARK,Bronx,3,3,1538333.333,2018
2,BRONXDALE,Bronx,245,214,596654.1388,2018
3,BROOKLYN HEIGHTS,Brooklyn,313,208,2200754.958,2018
3,BROWNSVILLE,Brooklyn,124,116,638657.4919,2018
5,BULLS HEAD,Staten Island,256,245,506189.1914,2018
3,BUSH TERMINAL,Brooklyn,18,18,1831068.611,2018
3,BUSHWICK,Brooklyn,385,370,1183529.145,2018
4,CAMBRIA HEIGHTS,Queens,120,110,461968.35,2018
3,CANARSIE,Brooklyn,528,499,532192.5663,2018
3,CARROLL GARDENS,Brooklyn,124,115,2102286.065,2018
2,CASTLE HILL,Bronx,124,115,655429.0161,2018
2,UNIONPORT,Bronx,124,115,655429.0161,2018
5,CASTLETON CORNERS,Staten Island,96,96,599265.1875,2018
1,CHELSEA,Manhattan,521,370,9716237.334,2018
1,CHINATOWN,Manhattan,86,80,3586296.814,2018
2,CITY ISLAND,Bronx,66,64,513568.0303,2018
1,CIVIC CENTER,Manhattan,113,97,4824479.221,2018
1,CLINTON,Manhattan,222,180,3328791.167,2018
3,CLINTON HILL,Brooklyn,222,158,1343126.671,2018
5,CLOVE LAKES,Staten Island,50,38,549869.56,2018
2,CO-OP CITY,Bronx,4,3,4113250,2018
3,COBBLE HILL,Brooklyn,90,81,2470886.578,2018
3,COBBLE HILL-WEST,Brooklyn,49,48,1322235.163,2018
4,COLLEGE POINT,Queens,260,257,1116938.508,2018
5,CONCORD,Staten Island,78,72,364132.8462,2018
5,CONCORD-FOX HILLS,Staten Island,29,28,383797.931,2018
3,CONEY ISLAND,Brooklyn,197,109,1065760.168,2018
4,CORONA,Queens,394,298,850533.6244,2018
2,COUNTRY CLUB,Bronx,143,133,541261.7622,2018
2,CROTONA PARK,Bronx,41,39,1000522.854,2018
3,CROWN HEIGHTS,Brooklyn,472,433,1686921.674,2018
3,CYPRESS HILLS,Brooklyn,204,196,722641.4608,2018
5,DONGAN HILLS,Staten Island,55,52,626553.4545,2018
5,DONGAN HILLS-COLONY,Staten Island,43,43,822374.907,2018
5,DONGAN HILLS-OLD TOWN,Staten Island,1,1,7200000,2018
4,DOUGLASTON,Queens,163,105,667028.8221,2018
3,DOWNTOWN-FULTON FERRY,Brooklyn,92,88,2937680.826,2018
3,DOWNTOWN-FULTON MALL,Brooklyn,142,119,1636304.782,2018
3,DOWNTOWN-METROTECH,Brooklyn,89,55,3411152.539,2018
3,DYKER HEIGHTS,Brooklyn,163,161,1165105.81,2018
4,EAST ELMHURST,Queens,147,136,783161.6599,2018
3,EAST NEW YORK,Brooklyn,645,599,689742.1023,2018
2,EAST TREMONT,Bronx,125,111,1461219.552,2018
1,EAST VILLAGE,Manhattan,202,166,2759407.802,2018
4,ELMHURST,Queens,467,391,1293872.833,2018
5,ELTINGVILLE,Staten Island,288,280,613991.7639,2018
5,EMERSON HILL,Staten Island,14,14,900733.5714,2018
4,FAR ROCKAWAY,Queens,271,252,715120.7454,2018
1,FASHION,Manhattan,137,120,11709008.09,2018
2,FIELDSTON,Bronx,37,27,920241.8919,2018
1,FINANCIAL,Manhattan,223,213,2754381.906,2018
3,FLATBUSH,Brooklyn,414,344,1352622.621,2018
3,EAST FLATBUSH,Brooklyn,550,476,730395.9309,2018
3,FLATBUSH-LEFFERTS GARDEN,Brooklyn,116,98,1223682.802,2018
3,FLATBUSH-NORTH,Brooklyn,223,199,875246.1435,2018
1,FLATIRON,Manhattan,258,184,4066249.453,2018
3,FLATLANDS,Brooklyn,153,100,455189.0588,2018
4,FLORAL PARK,Queens,134,118,668879.2015,2018
4,FLUSHING MEADOWS CORONA PARK,Queens,13,6,425923.0769,2018
4,FLUSHING-NORTH,Queens,1601,1321,994569.5978,2018
4,FLUSHING-SOUTH,Queens,573,380,612618.9703,2018
4,FLUSHING,Queens,1087,850.5,803594.2841,2018
2,FORDHAM,Bronx,65,63,2145002.662,2018
4,FOREST HILLS,Queens,785,342,608451.9936,2018
3,FORT GREENE,Brooklyn,156,117,1643177.378,2018
4,FRESH MEADOWS,Queens,84,74,832296.881,2018
3,GERRITSEN BEACH,Brooklyn,92,84,425389.6413,2018
4,GLEN OAKS,Queens,260,46,428498.1385,2018
4,GLENDALE,Queens,276,226,661131.0942,2018
3,GOWANUS,Brooklyn,75,73,7467823.36,2018
1,GRAMERCY,Manhattan,383,174,1929818.982,2018
5,GRANT CITY,Staten Island,97,86,448589.2268,2018
5,GRASMERE,Staten Island,75,74,625360.3733,2018
3,GRAVESEND,Brooklyn,400,348,881219.5775,2018
5,GREAT KILLS,Staten Island,509,489,537600.6935,2018
5,GREAT KILLS-BAY TERRACE,Staten Island,36,35,541825.5278,2018
3,GREENPOINT,Brooklyn,302,299,2375583.825,2018
1,GREENWICH VILLAGE-CENTRAL,Manhattan,427,187,2936224.944,2018
1,GREENWICH VILLAGE-WEST,Manhattan,481,318,3919945.507,2018
1,GREENWICH VILLAGE,Manhattan,454,252.5,3428085.226,2018
5,GRYMES HILL,Staten Island,48,39,433108.75,2018
4,HAMMELS,Queens,47,46,519441.2553,2018
1,HARLEM,Manhattan,495,434,1964246.305,2018
1,EAST HARLEM,Manhattan,115,105,2477593.296,2018
1,HARLEM-UPPER,Manhattan,125,110,2437178.504,2018
1,HARLEM-WEST,Manhattan,23,18,4657431.391,2018
2,HIGHBRIDGE,Bronx,123,103,1176337.39,2018
2,MORRIS HEIGHTS,Bronx,123,103,1176337.39,2018
4,HILLCREST,Queens,81,50,567980.3704,2018
4,HOLLIS,Queens,295,278,698495.7017,2018
4,HOLLIS HILLS,Queens,42,28,733211.619,2018
4,HOLLISWOOD,Queens,85,42,527522.1529,2018
4,HOWARD BEACH,Queens,374,253,407251.5963,2018
5,HUGUENOT,Staten Island,98,98,746903.3163,2018
2,HUNTS POINT,Bronx,54,52,1262275.537,2018
1,INWOOD,Manhattan,81,42,1147691.778,2018
4,JACKSON HEIGHTS,Queens,713,426,804173.1445,2018
4,JAMAICA,Queens,186,136,1345586.602,2018
3,JAMAICA BAY,Brooklyn,1,1,14150000,2018
4,JAMAICA BAY,Queens,16,16,347626.6875,2018
4,JAMAICA ESTATES,Queens,84,80,1110634.452,2018
4,JAMAICA HILLS,Queens,75,68,725365.9867,2018
1,JAVITS CENTER,Manhattan,28,11,7010759.357,2018
3,KENSINGTON,Brooklyn,102,70,2561628.882,2018
4,KEW GARDENS,Queens,227,94,567856.674,2018
2,KINGSBRIDGE HTS/UNIV HTS,Bronx,118,69,912473.2119,2018
2,KINGSBRIDGE/JEROME PARK,Bronx,156,82,650331.5513,2018
2,KINGSBRIDGE,Bronx,156,82,650331.5513,2018
1,KIPS BAY,Manhattan,272,218,1262158.864,2018
4,LAURELTON,Queens,270,241,521088.4778,2018
1,LITTLE ITALY,Manhattan,41,39,6354747.78,2018
4,LITTLE NECK,Queens,199,106,735262.9548,2018
5,LIVINGSTON,Staten Island,21,18,455644.5714,2018
4,LONG ISLAND CITY,Queens,470,450,2891629.749,2018
1,LOWER EAST SIDE,Manhattan,325,224,2991293.908,2018
3,MADISON,Brooklyn,341,320,1100504.381,2018
3,MANHATTAN BEACH,Brooklyn,47,47,1382882.957,2018
1,MANHATTAN VALLEY,Manhattan,172,148,2145922.169,2018
5,MANOR HEIGHTS,Staten Island,88,88,633659.9432,2018
3,MARINE PARK,Brooklyn,245,200,644664.4449,2018
5,MARINERS HARBOR,Staten Island,215,201,444096.6651,2018
4,MASPETH,Queens,248,231,1506649.806,2018
2,MELROSE,Bronx,160,112,1512086.663,2018
2,CONCOURSE,Bronx,160,112,1512086.663,2018
4,MIDDLE VILLAGE,Queens,277,271,821701.4585,2018
5,MIDLAND BEACH,Staten Island,200,193,478966.84,2018
1,MIDTOWN CBD,Manhattan,124,99,20162552.35,2018
1,MIDTOWN EAST,Manhattan,882,381,2093561.29,2018
1,MIDTOWN WEST,Manhattan,545,433,11430675.92,2018
1,MIDTOWN,Manhattan,517,304.3333333,11228929.85,2018
3,MIDWOOD,Brooklyn,299,245,995062.0033,2018
3,MILL BASIN,Brooklyn,85,84,1133302.388,2018
1,MORNINGSIDE HEIGHTS,Manhattan,55,18,1842053.691,2018
2,MORRIS PARK,Bronx,170,161,575411.1059,2018
2,VAN NEST,Bronx,170,161,575411.1059,2018
2,MORRISANIA,Bronx,242,219,965183.4876,2018
2,LONGWOOD,Bronx,242,219,965183.4876,2018
2,MOTT HAVEN,Bronx,126,118,2989941.73,2018
2,PORT MORRIS,Bronx,126,118,2989941.73,2018
2,MOUNT EDEN,Bronx,79,73,1785873.646,2018
2,MOUNT HOPE,Bronx,79,73,1785873.646,2018
1,MURRAY HILL,Manhattan,434,251,2443856.71,2018
3,NAVY YARD,Brooklyn,14,14,5106011,2018
4,NEPONSIT,Queens,14,14,1077235.143,2018
5,NEW BRIGHTON,Staten Island,137,124,447258.8978,2018
5,ST. GEORGE,Staten Island,26,21,1455807.692,2018
5,NEW DORP,Staten Island,115,113,586320.6522,2018
5,NEW DORP BEACH,Staten Island,83,79,389140.1807,2018
5,NEW DORP-HEIGHTS,Staten Island,67,64,628821.1791,2018
5,NEW SPRINGVILLE,Staten Island,366,357,515576.6011,2018
4,OAKLAND GARDENS,Queens,340,108,426119.1529,2018
5,OAKWOOD,Staten Island,38,38,602439.8947,2018
5,OAKWOOD-BEACH,Staten Island,44,44,573839.25,2018
3,OCEAN HILL,Brooklyn,268,259,922303.4254,2018
3,OCEAN PARKWAY-NORTH,Brooklyn,367,259,1123879.485,2018
3,OCEAN PARKWAY-SOUTH,Brooklyn,185,158,1407556.016,2018
3,OLD MILL BASIN,Brooklyn,163,146,521431.0123,2018
4,OZONE PARK,Queens,363,343,586855.741,2018
3,PARK SLOPE,Brooklyn,535,452,1696835.034,2018
3,PARK SLOPE SOUTH,Brooklyn,146,139,1784911.829,2018
2,PARKCHESTER,Bronx,425,390,289168,2018
2,PELHAM GARDENS,Bronx,49,49,1377446.98,2018
2,PELHAM PARKWAY NORTH,Bronx,83,79,612426.7952,2018
2,PELHAM PARKWAY SOUTH,Bronx,104,67,1057329.596,2018
5,PLEASANT PLAINS,Staten Island,32,31,604812.25,2018
5,PORT IVORY,Staten Island,42,39,543327.6905,2018
5,PORT RICHMOND,Staten Island,206,190,407176.9806,2018
5,PRINCES BAY,Staten Island,104,103,737886.3077,2018
3,PROSPECT HEIGHTS,Brooklyn,258,199,2376894.159,2018
4,QUEENS VILLAGE,Queens,438,391,517772.5457,2018
3,RED HOOK,Brooklyn,36,35,12588534.89,2018
4,REGO PARK,Queens,528,284,1496689.284,2018
4,RICHMOND HILL,Queens,498,469,679346.7309,2018
5,RICHMONDTOWN,Staten Island,57,57,786427.614,2018
5,RICHMONDTOWN-LIGHTHS HILL,Staten Island,6,5,939727,2018
4,RIDGEWOOD,Queens,239,237,1152361.653,2018
2,RIVERDALE,Bronx,586,203,506167.2833,2018
4,ROCKAWAY PARK,Queens,90,73,645736.3889,2018
1,ROOSEVELT ISLAND,Manhattan,19,8,1131546.105,2018
5,ROSEBANK,Staten Island,175,157,781086.7371,2018
4,ROSEDALE,Queens,297,278,542487.9529,2018
5,ROSSVILLE,Staten Island,140,136,562051.6357,2018
5,ROSSVILLE-CHARLESTON,Staten Island,31,31,1933193.645,2018
5,ROSSVILLE-PORT MOBIL,Staten Island,4,4,2718750,2018
5,ROSSVILLE-RICHMOND VALLEY,Staten Island,9,9,1688359.667,2018
2,SCHUYLERVILLE,Bronx,209,178,564765.0335,2018
2,PELHAM BAY,Bronx,209,178,564765.0335,2018
3,SEAGATE,Brooklyn,35,34,756988.9714,2018
3,SHEEPSHEAD BAY,Brooklyn,554,399,709792.3773,2018
5,SILVER LAKE,Staten Island,33,33,617825.7273,2018
4,SO. JAMAICA-BAISLEY PARK,Queens,540,493,550931.1833,2018
1,SOHO,Manhattan,190,157,9368827.584,2018
2,SOUNDVIEW,Bronx,351,324,537835.7293,2018
5,SOUTH BEACH,Staten Island,166,161,670441.6506,2018
4,SOUTH JAMAICA,Queens,461,429,489207.3753,2018
4,SOUTH OZONE PARK,Queens,350,333,600855.6429,2018
1,SOUTHBRIDGE,Manhattan,90,35,3482598.156,2018
3,SPRING CREEK,Brooklyn,6,6,151019006.3,2018
4,SPRINGFIELD GARDENS,Queens,410,374,559617.7732,2018
4,ST. ALBANS,Queens,507,457,478183.9665,2018
5,STAPLETON,Staten Island,123,116,483044.374,2018
5,STAPLETON-CLIFTON,Staten Island,17,17,568128.7059,2018
4,SUNNYSIDE,Queens,154,105,1073598.305,2018
5,SUNNYSIDE,Staten Island,45,44,588500.7333,2018
3,SUNSET PARK,Brooklyn,320,306,1381920.466,2018
2,THROGS NECK,Bronx,272,238,515702.2831,2018
5,TODT HILL,Staten Island,27,26,1491759.963,2018
5,TOMPKINSVILLE,Staten Island,45,44,440340.1333,2018
5,TOTTENVILLE,Staten Island,206,200,685340.068,2018
5,TRAVIS,Staten Island,68,68,500427.5147,2018
1,TRIBECA,Manhattan,395,388,5742685.301,2018
1,UPPER EAST SIDE (59-79),Manhattan,1300,643,3108166.478,2018
1,UPPER EAST SIDE (79-96),Manhattan,1212,710,2519423.807,2018
1,UPPER EAST SIDE (96-110),Manhattan,49,23,2918092.429,2018
1,UPPER EAST SIDE,Manhattan,NA,NA,2848560.905,2018
1,UPPER WEST SIDE (59-79),Manhattan,1089,650,3989791.041,2018
1,UPPER WEST SIDE (79-96),Manhattan,671,403,2919720.55,2018
1,UPPER WEST SIDE (96-116),Manhattan,313,176,4308464.668,2018
1,UPPER WEST SIDE,Manhattan,NA,NA,3739325.42,2018
2,VAN CORTLANDT PARK,Bronx,4,1,194875,2018
2,WAKEFIELD,Bronx,163,154,623965.2147,2018
1,WASHINGTON HEIGHTS LOWER,Manhattan,125,85,2874544.928,2018
1,WASHINGTON HEIGHTS UPPER,Manhattan,224,70,1093792.897,2018
1,WASHINGTON HEIGHTS,Manhattan,174.5,77.5,1984168.913,2018
5,WEST NEW BRIGHTON,Staten Island,243,228,466160.5802,2018
5,WEST BRIGHTON,Staten Island,243,228,466160.5802,2018
2,WESTCHESTER SQUARE,Bronx,87,82,2238201.345,2018
5,WESTERLEIGH,Staten Island,129,127,578536.6124,2018
4,WHITESTONE,Queens,301,231,818634.5017,2018
2,WILLIAMSBRIDGE,Bronx,365,333,581183.8082,2018
3,WILLIAMSBURG-CENTRAL,Brooklyn,94,90,993142.8617,2018
3,WILLIAMSBURG-EAST,Brooklyn,222,217,1703273.081,2018
3,WILLIAMSBURG-NORTH,Brooklyn,238,238,1908345.933,2018
3,WILLIAMSBURG-SOUTH,Brooklyn,165,157,1986996.776,2018
3,WILLIAMSBURG,Brooklyn,179.75,175.5,1647939.663,2018
5,WILLOWBROOK,Staten Island,107,107,619133.8692,2018
3,WINDSOR TERRACE,Brooklyn,117,86,1118624.812,2018
4,WOODHAVEN,Queens,264,250,676840.2083,2018
2,WOODLAWN,Bronx,61,41,378952.7869,2018
5,WOODROW,Staten Island,134,130,638487.4328,2018
4,WOODSIDE,Queens,242,141,815615.2893,2018
3,WYCKOFF HEIGHTS,Brooklyn,53,52,1270958.943,2018
4,LA GUARDIA AIRPORT,Queens,8,6,783375,2017
1,ALPHABET CITY,Manhattan,134,112,1647564.09,2017
5,ANNADALE,Staten Island,124,121,655127.4758,2017
5,ARDEN HEIGHTS,Staten Island,276,265,412544.6377,2017
5,ARROCHAR,Staten Island,31,31,604668.129,2017
5,SHORE ACRES,Staten Island,19,17,444210.5263,2017
4,ARVERNE,Queens,160,148,421406.5875,2017
4,ASTORIA,Queens,572,436,1427266.844,2017
3,BATH BEACH,Brooklyn,162,143,921299.0617,2017
2,BATHGATE, Bronx,58,51,822782.9483,2017
3,BAY RIDGE,Brooklyn,596,403,871507.1275,2017
2,BAYCHESTER, Bronx,328,298,533207.1555,2017
4,BAYSIDE,Queens,853,604,766759.68,2017
2,BEDFORD PARK, Bronx,166,130,759529.7831,2017
2,NORWOOD, Bronx,166,130,759529.7831,2017
3,BEDFORD STUYVESANT,Brooklyn,880,825,1261462.755,2017
4,BEECHHURST,Queens,162,84,526598.5679,2017
4,BELLE HARBOR,Queens,77,71,845704.1299,2017
4,BELLEROSE,Queens,158,149,599101.4114,2017
2,BELMONT, Bronx,61,58,1821731.246,2017
3,BENSONHURST,Brooklyn,306,290,1280692.18,2017
3,BERGEN BEACH,Brooklyn,124,121,634080.4113,2017
5,BLOOMFIELD,Staten Island,7,7,16334435.71,2017
3,BOERUM HILL,Brooklyn,188,180,2465316.005,2017
3,BOROUGH PARK,Brooklyn,610,596,1229059.051,2017
4,BREEZY POINT,Queens,84,3,471785.7143,2017
4,BRIARWOOD,Queens,181,86,391422.8619,2017
3,BRIGHTON BEACH,Brooklyn,262,200,629744.7672,2017
4,BROAD CHANNEL,Queens,33,33,306596.4242,2017
2,BRONXDALE, Bronx,265,209,510061.5358,2017
3,BROOKLYN HEIGHTS,Brooklyn,324,218,4010202.827,2017
3,BROWNSVILLE,Brooklyn,159,146,1015002.528,2017
5,BULLS HEAD,Staten Island,299,292,454230.0468,2017
3,BUSH TERMINAL,Brooklyn,25,24,2909428.4,2017
3,BUSHWICK,Brooklyn,416,395,1276394.707,2017
4,CAMBRIA HEIGHTS,Queens,142,124,414522,2017
3,CANARSIE,Brooklyn,535,489,617539.9738,2017
3,CARROLL GARDENS,Brooklyn,126,123,1961639.587,2017
2,CASTLE HILL, Bronx,129,117,924633.2791,2017
2,UNIONPORT, Bronx,129,117,924633.2791,2017
5,CASTLETON CORNERS,Staten Island,121,121,562211.4132,2017
1,CHELSEA,Manhattan,686,416,3619183.36,2017
1,CHINATOWN,Manhattan,75,75,2044971.427,2017
2,CITY ISLAND, Bronx,73,73,565465.8082,2017
1,CIVIC CENTER,Manhattan,247,222,7773034.04,2017
1,CLINTON,Manhattan,302,266,2175269.536,2017
3,CLINTON HILL,Brooklyn,324,225,1293542.009,2017
5,CLOVE LAKES,Staten Island,77,63,508090.5325,2017
2,CO-OP CITY, Bronx,4,4,1395000,2017
3,COBBLE HILL,Brooklyn,88,77,1545340.614,2017
3,COBBLE HILL-WEST,Brooklyn,50,49,1122629.52,2017
4,COLLEGE POINT,Queens,272,258,949640.9044,2017
5,CONCORD,Staten Island,88,84,377541.8636,2017
5,CONCORD-FOX HILLS,Staten Island,28,26,325050.25,2017
3,CONEY ISLAND,Brooklyn,186,93,653138.2258,2017
4,CORONA,Queens,407,328,729174.7887,2017
2,COUNTRY CLUB, Bronx,137,128,519637.3796,2017
2,CROTONA PARK, Bronx,44,41,713060.1364,2017
3,CROWN HEIGHTS,Brooklyn,496,463,1243241.214,2017
3,CYPRESS HILLS,Brooklyn,261,239,567693.2835,2017
5,DONGAN HILLS,Staten Island,79,75,581653.4684,2017
5,DONGAN HILLS-COLONY,Staten Island,48,45,754828.875,2017
5,DONGAN HILLS-OLD TOWN,Staten Island,5,5,326200,2017
4,DOUGLASTON,Queens,204,140,698156.3235,2017
3,DOWNTOWN-FULTON FERRY,Brooklyn,198,193,2156305.596,2017
3,DOWNTOWN-FULTON MALL,Brooklyn,207,187,2090641.111,2017
3,DOWNTOWN-METROTECH,Brooklyn,115,82,6387415.391,2017
3,DYKER HEIGHTS,Brooklyn,169,167,1069982.361,2017
4,EAST ELMHURST,Queens,171,163,1261981.766,2017
3,EAST NEW YORK,Brooklyn,687,638,647479.1674,2017
2,EAST RIVER, Bronx,1,1,11200000,2017
2,EAST TREMONT, Bronx,102,87,1248520.225,2017
1,EAST VILLAGE,Manhattan,134,94,3064281.851,2017
4,ELMHURST,Queens,461,360,869639.8525,2017
5,ELTINGVILLE,Staten Island,282,274,540472.6702,2017
5,EMERSON HILL,Staten Island,16,16,802562.5,2017
4,FAR ROCKAWAY,Queens,266,251,1142671.117,2017
1,FASHION,Manhattan,68,59,9045630.074,2017
2,FIELDSTON, Bronx,42,24,927645.5952,2017
1,FINANCIAL,Manhattan,450,428,6313312.24,2017
3,FLATBUSH,Brooklyn,392,302,1096904.074,2017
3,EAST FLATBUSH,Brooklyn,553,479,644239.3309,2017
3,FLATBUSH-LEFFERTS GARDEN,Brooklyn,110,87,1444580.364,2017
3,FLATBUSH-NORTH,Brooklyn,236,214,744007.2712,2017
1,FLATIRON,Manhattan,414,313,4721720.761,2017
3,FLATLANDS,Brooklyn,139,113,437864.518,2017
4,FLORAL PARK,Queens,141,127,581989.6525,2017
4,FLUSHING MEADOW PARK,Queens,14,6,385930,2017
4,FLUSHING-NORTH,Queens,2340,2013,1055495.968,2017
4,FLUSHING-SOUTH,Queens,646,428,567101.9892,2017
2,FORDHAM, Bronx,70,56,2150199.086,2017
4,FOREST HILLS,Queens,867,357,544034.3149,2017
3,FORT GREENE,Brooklyn,158,108,1740473.272,2017
5,FRESH KILLS,Staten Island,1,1,328536,2017
4,FRESH MEADOWS,Queens,101,81,734006.2376,2017
3,GERRITSEN BEACH,Brooklyn,93,89,424224.1075,2017
4,GLEN OAKS,Queens,294,59,416626.8503,2017
4,GLENDALE,Queens,270,219,684205.4481,2017
3,GOWANUS,Brooklyn,114,105,2629551.851,2017
1,GRAMERCY,Manhattan,382,156,1846304.518,2017
5,GRANT CITY,Staten Island,142,131,477421,2017
5,GRASMERE,Staten Island,80,78,572076.8625,2017
3,GRAVESEND,Brooklyn,403,351,845522.4665,2017
5,GREAT KILLS,Staten Island,633,607,518986.6351,2017
5,GREAT KILLS-BAY TERRACE,Staten Island,53,46,510111.7925,2017
3,GREENPOINT,Brooklyn,384,372,1504789.234,2017
1,GREENWICH VILLAGE-CENTRAL,Manhattan,447,192,2718818.192,2017
1,GREENWICH VILLAGE-WEST,Manhattan,459,308,5057360.257,2017
1,GREENWICH VILLAGE,Manhattan,453,250,3888089.225,2017
5,GRYMES HILL,Staten Island,69,55,404031.6957,2017
4,HAMMELS,Queens,74,71,521712.0811,2017
1,HARLEM,Manhattan,595,520,1702804.277,2017
1,EAST HARLEM,Manhattan,146,125,1901732.651,2017
1,HARLEM-UPPER,Manhattan,122,105,1776595.311,2017
1,HARLEM-WEST,Manhattan,35,27,2534455.714,2017
2,HIGHBRIDGE, Bronx,111,92,1847445.883,2017
2,MORRIS HEIGHTS, Bronx,111,92,1847445.883,2017
4,HILLCREST,Queens,104,73,459803.7019,2017
4,HOLLIS,Queens,338,313,800719.1154,2017
4,HOLLIS HILLS,Queens,47,31,658917.0213,2017
4,HOLLISWOOD,Queens,92,43,756071.3587,2017
4,HOWARD BEACH,Queens,413,298,410845.1864,2017
5,HUGUENOT,Staten Island,107,102,697563.0187,2017
2,HUNTS POINT, Bronx,48,44,2551973.021,2017
1,INWOOD,Manhattan,104,57,2850412.115,2017
4,JACKSON HEIGHTS,Queens,739,429,632067.0595,2017
4,JAMAICA,Queens,200,144,798866.61,2017
4,JAMAICA BAY,Queens,12,11,347318.6667,2017
4,JAMAICA ESTATES,Queens,95,91,1004580.4,2017
4,JAMAICA HILLS,Queens,67,55,608244.7463,2017
1,JAVITS CENTER,Manhattan,29,14,5417197.552,2017
3,KENSINGTON,Brooklyn,113,65,1397955.602,2017
4,KEW GARDENS,Queens,254,121,500173.622,2017
2,KINGSBRIDGE HTS/UNIV HTS, Bronx,108,54,824429.3981,2017
2,KINGSBRIDGE/JEROME PARK, Bronx,173,93,946115.7052,2017
2,KINGSBRIDGE, Bronx,173,93,946115.7052,2017
1,KIPS BAY,Manhattan,307,243,1979004.091,2017
4,LAURELTON,Queens,260,235,446453.8885,2017
1,LITTLE ITALY,Manhattan,28,27,4812677.75,2017
4,LITTLE NECK,Queens,203,112,619962.8473,2017
5,LIVINGSTON,Staten Island,32,28,487926.2188,2017
4,LONG ISLAND CITY,Queens,398,370,1894345.864,2017
1,LOWER EAST SIDE,Manhattan,252,125,3370367.702,2017
3,MADISON,Brooklyn,303,274,792348.3828,2017
3,MANHATTAN BEACH,Brooklyn,44,42,1280769.5,2017
1,MANHATTAN VALLEY,Manhattan,171,142,2490357.503,2017
5,MANOR HEIGHTS,Staten Island,109,108,588556.1101,2017
3,MARINE PARK,Brooklyn,273,227,561294.6484,2017
5,MARINERS HARBOR,Staten Island,209,199,357195.823,2017
4,MASPETH,Queens,263,244,1266586.996,2017
2,MELROSE, Bronx,165,103,2307547.309,2017
2,CONCOURSE, Bronx,165,103,2307547.309,2017
4,MIDDLE VILLAGE,Queens,311,302,748830.4373,2017
5,MIDLAND BEACH,Staten Island,264,250,399836.2652,2017
1,MIDTOWN CBD,Manhattan,143,111,25648513.41,2017
1,MIDTOWN EAST,Manhattan,1090,474,2346504.062,2017
1,MIDTOWN WEST,Manhattan,657,512,4710576.347,2017
1,MIDTOWN,Manhattan,630,365.6666667,10901864.61,2017
3,MIDWOOD,Brooklyn,306,239,1141909.533,2017
3,MILL BASIN,Brooklyn,87,86,916881.4368,2017
1,MORNINGSIDE HEIGHTS,Manhattan,64,16,648537.125,2017
2,MORRIS PARK, Bronx,193,180,582273.057,2017
2,VAN NEST, Bronx,193,180,582273.057,2017
2,MORRISANIA, Bronx,293,273,957416.6997,2017
2,LONGWOOD, Bronx,293,273,957416.6997,2017
2,MOTT HAVEN, Bronx,98,95,1779161.714,2017
2,PORT MORRIS, Bronx,98,95,1779161.714,2017
2,MOUNT HOPE, Bronx,61,56,2876831.803,2017
2,MOUNT EDEN, Bronx,61,56,2876831.803,2017
1,MURRAY HILL,Manhattan,523,288,2337548.308,2017
3,NAVY YARD,Brooklyn,27,27,1641112.926,2017
4,NEPONSIT,Queens,20,20,1126388,2017
5,NEW BRIGHTON,Staten Island,189,167,424386.5132,2017
5,ST. GEORGE,Staten Island,28,19,795910.7143,2017
5,NEW DORP,Staten Island,147,140,532944.7007,2017
5,NEW DORP BEACH,Staten Island,103,99,366883.0194,2017
5,NEW DORP-HEIGHTS,Staten Island,79,77,651256.1392,2017
5,NEW SPRINGVILLE,Staten Island,384,372,474098.526,2017
4,OAKLAND GARDENS,Queens,327,116,416055.2783,2017
5,OAKWOOD,Staten Island,34,32,587088.8529,2017
5,OAKWOOD-BEACH,Staten Island,61,59,506543.1803,2017
3,OCEAN HILL,Brooklyn,273,255,846457.5458,2017
3,OCEAN PARKWAY-NORTH,Brooklyn,360,256,1043405.731,2017
3,OCEAN PARKWAY-SOUTH,Brooklyn,199,156,1093570.417,2017
3,OLD MILL BASIN,Brooklyn,171,143,529583.9825,2017
4,OZONE PARK,Queens,393,366,681811.3155,2017
3,PARK SLOPE,Brooklyn,619,529,1822249.057,2017
3,PARK SLOPE SOUTH,Brooklyn,135,131,1410896.4,2017
2,PARKCHESTER, Bronx,352,320,291919.8381,2017
2,PELHAM GARDENS, Bronx,47,46,518688.5532,2017
2,PELHAM PARKWAY NORTH, Bronx,108,103,498188.9722,2017
2,PELHAM PARKWAY SOUTH, Bronx,84,55,354987.8929,2017
5,PLEASANT PLAINS,Staten Island,48,46,695360.3125,2017
5,PORT IVORY,Staten Island,46,42,348272.0217,2017
5,PORT RICHMOND,Staten Island,204,195,425600.9118,2017
5,PRINCES BAY,Staten Island,125,125,740997.216,2017
3,PROSPECT HEIGHTS,Brooklyn,391,328,1153951.171,2017
4,QUEENS VILLAGE,Queens,449,377,440854.1448,2017
3,RED HOOK,Brooklyn,64,62,3397042.547,2017
4,REGO PARK,Queens,539,241,766096.9759,2017
4,RICHMOND HILL,Queens,475,454,632754.6695,2017
5,RICHMONDTOWN,Staten Island,63,60,746229.619,2017
5,RICHMONDTOWN-LIGHTHS HILL,Staten Island,9,9,646200,2017
4,RIDGEWOOD,Queens,242,234,913338.8388,2017
2,RIVERDALE, Bronx,611,194,624864.1473,2017
4,ROCKAWAY PARK,Queens,77,64,417615.8571,2017
1,ROOSEVELT ISLAND,Manhattan,49,11,923953.1837,2017
5,ROSEBANK,Staten Island,159,141,474190.6667,2017
4,ROSEDALE,Queens,318,301,732233.1384,2017
5,ROSSVILLE,Staten Island,150,144,544867.1133,2017
5,ROSSVILLE-CHARLESTON,Staten Island,40,39,563494.7,2017
5,ROSSVILLE-PORT MOBIL,Staten Island,5,5,3262350,2017
5,ROSSVILLE-RICHMOND VALLEY,Staten Island,9,9,654322.2222,2017
2,SCHUYLERVILLE, Bronx,170,157,914740.3471,2017
2,PELHAM BAY, Bronx,170,157,914740.3471,2017
3,SEAGATE,Brooklyn,47,45,719860.0851,2017
3,SHEEPSHEAD BAY,Brooklyn,666,496,772602.6577,2017
5,SILVER LAKE,Staten Island,54,52,533193.5185,2017
4,SO. JAMAICA-BAISLEY PARK,Queens,526,467,506624.7871,2017
1,SOHO,Manhattan,248,192,5012272.532,2017
2,SOUNDVIEW, Bronx,393,345,776873.743,2017
5,SOUTH BEACH,Staten Island,182,176,528086.8681,2017
4,SOUTH JAMAICA,Queens,432,384,446312.4583,2017
4,SOUTH OZONE PARK,Queens,418,390,508679.5167,2017
1,SOUTHBRIDGE,Manhattan,133,63,1845929.338,2017
3,SPRING CREEK,Brooklyn,82,82,503225.2317,2017
4,SPRINGFIELD GARDENS,Queens,432,395,511538.5417,2017
4,ST. ALBANS,Queens,473,423,409222.7167,2017
5,STAPLETON,Staten Island,84,79,505243.9286,2017
5,STAPLETON-CLIFTON,Staten Island,48,46,406191.5,2017
4,SUNNYSIDE,Queens,180,115,804420.9222,2017
5,SUNNYSIDE,Staten Island,38,38,529588.8158,2017
3,SUNSET PARK,Brooklyn,359,344,1509602.649,2017
2,THROGS NECK, Bronx,307,265,529361.4495,2017
5,TODT HILL,Staten Island,37,32,1205548.568,2017
5,TOMPKINSVILLE,Staten Island,43,42,373948.8372,2017
5,TOTTENVILLE,Staten Island,188,184,723133.766,2017
5,TRAVIS,Staten Island,74,73,791802.1351,2017
1,TRIBECA,Manhattan,495,485,3959855.602,2017
1,UPPER EAST SIDE (59-79),Manhattan,1511,727,2524260.377,2017
1,UPPER EAST SIDE (79-96),Manhattan,1427,854,2384701.341,2017
1,UPPER EAST SIDE (96-110),Manhattan,38,23,2201135.658,2017
1,UPPER EAST SIDE,Manhattan,992,534.6666667,2370032.459,2017
1,UPPER WEST SIDE (59-79),Manhattan,1259,784,2636331.542,2017
1,UPPER WEST SIDE (79-96),Manhattan,700,396,2308678.2,2017
1,UPPER WEST SIDE (96-116),Manhattan,299,166,1780850.428,2017
1,UPPER WEST SIDE,Manhattan,752.6666667,448.6666667,2241953.39,2017
2,VAN CORTLANDT PARK, Bronx,3,1,164966.6667,2017
2,WAKEFIELD, Bronx,174,160,554707.5977,2017
1,WASHINGTON HEIGHTS LOWER,Manhattan,114,71,2523124.5,2017
1,WASHINGTON HEIGHTS UPPER,Manhattan,238,101,1606158.803,2017
1,WASHINGTON HEIGHTS UPPER,Manhattan,176,86,2064641.652,2017
5,WEST NEW BRIGHTON,Staten Island,255,247,432497.3098,2017
2,WESTCHESTER SQUARE, Bronx,101,92,979134.3762,2017
5,WESTERLEIGH,Staten Island,195,192,525159.3128,2017
4,WHITESTONE,Queens,315,243,770720.5778,2017
2,WILLIAMSBRIDGE, Bronx,370,326,510185.6486,2017
3,WILLIAMSBURG-CENTRAL,Brooklyn,115,114,842634.5391,2017
3,WILLIAMSBURG-EAST,Brooklyn,288,283,1674661.045,2017
3,WILLIAMSBURG-NORTH,Brooklyn,345,345,2148596.243,2017
3,WILLIAMSBURG-SOUTH,Brooklyn,242,230,1959518.43,2017
5,WILLOWBROOK,Staten Island,154,150,592568.3442,2017
3,WINDSOR TERRACE,Brooklyn,131,98,1156583.328,2017
4,WOODHAVEN,Queens,309,296,598515.9935,2017
2,WOODLAWN, Bronx,73,49,426541.0274,2017
5,WOODROW,Staten Island,122,120,561496.3934,2017
4,WOODSIDE,Queens,284,145,679142.8556,2017
3,WYCKOFF HEIGHTS,Brooklyn,59,59,1356215.068,2017
4,AIRPORT JFK,Queens,1,1,7800000,2016
4,LA GUARDIA AIRPORT,Queens,5,5,534900,2016
1,ALPHABET CITY,Manhattan,146,132,3408250.959,2016
5,ANNADALE,Staten Island,157,155,657758.4204,2016
5,ARDEN HEIGHTS,Staten Island,236,232,364344.0424,2016
5,ARROCHAR,Staten Island,26,26,597273,2016
5,SHORE ACRES,Staten Island,30,25,350056.7333,2016
4,ARVERNE,Queens,191,174,524393.0157,2016
4,ASTORIA,Queens,590,461,1380868.481,2016
3,BATH BEACH,Brooklyn,199,171,929935.4121,2016
2,BATHGATE, Bronx,59,54,1006262.153,2016
3,BAY RIDGE,Brooklyn,568,402,795930.3521,2016
2,BAYCHESTER, Bronx,277,257,557542.5884,2016
4,BAYSIDE,Queens,843,584,643008.2859,2016
2,BEDFORD PARK, Bronx,166,122,1550129.289,2016
2,NORWOOD, Bronx,166,122,1550129.289,2016
3,BEDFORD STUYVESANT,Brooklyn,904,870,1367947.923,2016
4,BEECHHURST,Queens,135,86,577460.6519,2016
4,BELLE HARBOR,Queens,72,65,674148.7778,2016
4,BELLEROSE,Queens,160,156,571040.1563,2016
2,BELMONT, Bronx,57,57,1228198.105,2016
3,BENSONHURST,Brooklyn,349,337,1087733.135,2016
3,BERGEN BEACH,Brooklyn,112,111,1013389.777,2016
5,BLOOMFIELD,Staten Island,7,7,25792985.71,2016
3,BOERUM HILL,Brooklyn,126,111,2118257.762,2016
3,BOROUGH PARK,Brooklyn,592,580,1218009.416,2016
4,BRIARWOOD,Queens,183,59,313392.623,2016
3,BRIGHTON BEACH,Brooklyn,278,199,825907.2086,2016
4,BROAD CHANNEL,Queens,44,42,285756.3864,2016
2,BRONX PARK, Bronx,4,4,1502935,2016
2,BRONXDALE, Bronx,200,165,748842.69,2016
3,BROOKLYN HEIGHTS,Brooklyn,324,195,3386152.04,2016
3,BROWNSVILLE,Brooklyn,161,150,817125.6522,2016
5,BULLS HEAD,Staten Island,267,263,431937.8876,2016
3,BUSH TERMINAL,Brooklyn,38,37,1894508.947,2016
3,BUSHWICK,Brooklyn,539,513,1218233.384,2016
4,CAMBRIA HEIGHTS,Queens,116,112,382320.2931,2016
3,CANARSIE,Brooklyn,454,420,496039.826,2016
3,CARROLL GARDENS,Brooklyn,127,126,2024336.858,2016
2,CASTLE HILL, Bronx,117,105,452486.0598,2016
2,UNIONPORT, Bronx,117,105,452486.0598,2016
5,CASTLETON CORNERS,Staten Island,98,98,507140.3878,2016
1,CHELSEA,Manhattan,806,495,3373104.862,2016
1,CHINATOWN,Manhattan,80,78,4064298.525,2016
2,CITY ISLAND, Bronx,62,62,480306.6935,2016
2,CITY ISLAND-PELHAM STRIP, Bronx,7,7,1240226.857,2016
1,CIVIC CENTER,Manhattan,283,259,4466201.548,2016
1,CLINTON,Manhattan,240,201,2981142.775,2016
3,CLINTON HILL,Brooklyn,281,183,1555306.221,2016
5,CLOVE LAKES,Staten Island,96,76,493520.375,2016
2,CO-OP CITY, Bronx,2,2,335000,2016
3,COBBLE HILL,Brooklyn,92,81,1529149.022,2016
3,COBBLE HILL-WEST,Brooklyn,67,63,1305640.657,2016
4,COLLEGE POINT,Queens,275,270,842277.52,2016
5,CONCORD,Staten Island,99,94,341700.0303,2016
5,CONCORD-FOX HILLS,Staten Island,18,16,3155513.389,2016
3,CONEY ISLAND,Brooklyn,203,119,930779.3645,2016
4,CORONA,Queens,466,398,853553.9464,2016
2,COUNTRY CLUB, Bronx,113,107,470360.0973,2016
2,CROTONA PARK, Bronx,45,40,977692.1111,2016
3,CROWN HEIGHTS,Brooklyn,550,491,1524283.775,2016
3,CYPRESS HILLS,Brooklyn,257,240,528922.1206,2016
5,DONGAN HILLS,Staten Island,64,59,542688,2016
5,DONGAN HILLS-COLONY,Staten Island,29,27,809609.8621,2016
5,DONGAN HILLS-OLD TOWN,Staten Island,3,3,420666.6667,2016
4,DOUGLASTON,Queens,180,116,650288.1889,2016
3,DOWNTOWN-FULTON FERRY,Brooklyn,158,156,4568137.057,2016
3,DOWNTOWN-FULTON MALL,Brooklyn,104,86,7269696.837,2016
3,DOWNTOWN-METROTECH,Brooklyn,102,65,1355951.559,2016
3,DYKER HEIGHTS,Brooklyn,170,167,965794.3588,2016
4,EAST ELMHURST,Queens,167,155,665977.1198,2016
3,EAST NEW YORK,Brooklyn,715,663,575055.2965,2016
2,EAST TREMONT, Bronx,97,88,1151657.495,2016
1,EAST VILLAGE,Manhattan,130,92,3143527.954,2016
4,ELMHURST,Queens,544,367,1177639.248,2016
5,ELTINGVILLE,Staten Island,212,211,515953.7123,2016
5,EMERSON HILL,Staten Island,15,13,871166.6667,2016
4,FAR ROCKAWAY,Queens,276,257,572889.0181,2016
1,FASHION,Manhattan,107,92,26462595.94,2016
2,FIELDSTON, Bronx,43,25,914860.2093,2016
1,FINANCIAL,Manhattan,313,295,7076599.968,2016
3,FLATBUSH,Brooklyn,401,314,1418201.367,2016
3,EAST FLATBUSH,Brooklyn,543,471,559357.8656,2016
3,FLATBUSH-LEFFERTS GARDEN,Brooklyn,118,97,1677189.186,2016
3,FLATBUSH-NORTH,Brooklyn,206,184,1090308.068,2016
1,FLATIRON,Manhattan,360,276,4812179.297,2016
3,FLATLANDS,Brooklyn,151,121,413425.894,2016
4,FLORAL PARK,Queens,145,128,529548.7034,2016
4,FLUSHING MEADOW PARK,Queens,13,3,327731.2308,2016
4,FLUSHING-NORTH,Queens,1720,1399,1011978.57,2016
4,FLUSHING-SOUTH,Queens,638,418,537988.2226,2016
4,FLUSHING,Queens,1179,908.5,774983.3965,2016
2,FORDHAM, Bronx,72,68,1975979.986,2016
4,FOREST HILLS,Queens,848,325,568883.3467,2016
3,FORT GREENE,Brooklyn,163,119,2195220.35,2016
5,FRESH KILLS,Staten Island,2,2,199501.5,2016
4,FRESH MEADOWS,Queens,121,94,705346.4876,2016
3,GERRITSEN BEACH,Brooklyn,95,93,399461.6632,2016
4,GLEN OAKS,Queens,273,57,419363.5678,2016
4,GLENDALE,Queens,292,239,589329.3938,2016
3,GOWANUS,Brooklyn,108,104,2301539.102,2016
1,GRAMERCY,Manhattan,473,240,1850131.867,2016
5,GRANT CITY,Staten Island,106,95,441641.0566,2016
5,GRASMERE,Staten Island,70,68,549659.4571,2016
3,GRAVESEND,Brooklyn,417,369,765173.5156,2016
5,GREAT KILLS,Staten Island,563,548,455681.1528,2016
5,GREAT KILLS-BAY TERRACE,Staten Island,59,38,359268.2034,2016
3,GREENPOINT,Brooklyn,225,218,2754139.493,2016
1,GREENWICH VILLAGE-CENTRAL,Manhattan,569,238,3640085.504,2016
1,GREENWICH VILLAGE-WEST,Manhattan,605,437,4242930.03,2016
1,GREENWICH VILLAGE,Manhattan,587,337.5,3941507.767,2016
5,GRYMES HILL,Staten Island,49,38,412794.5306,2016
4,HAMMELS,Queens,58,56,414379.7586,2016
1,HARLEM,Manhattan,626,532,2793061.382,2016
1,EAST HARLEM,Manhattan,270,243,2631909.541,2016
1,HARLEM-UPPER,Manhattan,113,103,2025923.398,2016
1,HARLEM-WEST,Manhattan,36,33,5689904.722,2016
2,HIGHBRIDGE, Bronx,78,71,1825535.897,2016
2,MORRIS HEIGHTS, Bronx,78,71,1825535.897,2016
4,HILLCREST,Queens,106,65,378678.4245,2016
4,HOLLIS,Queens,280,260,500524.8321,2016
4,HOLLIS HILLS,Queens,46,32,714673.913,2016
4,HOLLISWOOD,Queens,88,54,534053.6591,2016
4,HOWARD BEACH,Queens,399,274,480048.99,2016
5,HUGUENOT,Staten Island,102,100,656806.7941,2016
2,HUNTS POINT, Bronx,45,44,2110269.867,2016
1,INWOOD,Manhattan,113,61,1865130.54,2016
4,JACKSON HEIGHTS,Queens,752,396,758742.4149,2016
4,JAMAICA,Queens,203,148,923563.6108,2016
4,JAMAICA BAY,Queens,15,13,293253.2667,2016
4,JAMAICA ESTATES,Queens,91,87,1072357.571,2016
4,JAMAICA HILLS,Queens,66,51,561860.8636,2016
1,JAVITS CENTER,Manhattan,30,16,27819236.93,2016
3,KENSINGTON,Brooklyn,106,72,1175563.009,2016
4,KEW GARDENS,Queens,328,144,533672.003,2016
2,KINGSBRIDGE HTS/UNIV HTS, Bronx,112,72,2246695.795,2016
2,KINGSBRIDGE/JEROME PARK, Bronx,150,101,1224461.32,2016
2,KINGSBRIDGE, Bronx,150,101,1224461.32,2016
1,KIPS BAY,Manhattan,212,168,5491772.241,2016
4,LAURELTON,Queens,252,214,425820.7817,2016
1,LITTLE ITALY,Manhattan,37,32,7850486.892,2016
4,LITTLE NECK,Queens,231,127,601279.2771,2016
5,LIVINGSTON,Staten Island,29,22,358178.5172,2016
4,LONG ISLAND CITY,Queens,446,404,4677427.767,2016
1,LOWER EAST SIDE,Manhattan,229,91,2445421.275,2016
3,MADISON,Brooklyn,260,215,817332.8231,2016
3,MANHATTAN BEACH,Brooklyn,66,66,1061864.106,2016
1,MANHATTAN VALLEY,Manhattan,143,117,1945249.86,2016
1,MANHATTAN-UNKNOWN,Manhattan,1,1,4407080,2016
5,MANOR HEIGHTS,Staten Island,96,95,564292.2917,2016
3,MARINE PARK,Brooklyn,300,257,587982.73,2016
5,MARINERS HARBOR,Staten Island,170,164,445645.0471,2016
4,MASPETH,Queens,270,247,1234686.648,2016
2,MELROSE, Bronx,194,116,1049509.17,2016
2,CONCOURSE, Bronx,194,116,1049509.17,2016
4,MIDDLE VILLAGE,Queens,268,255,723733.8284,2016
5,MIDLAND BEACH,Staten Island,263,256,369433.0684,2016
1,MIDTOWN CBD,Manhattan,208,177,28320402.44,2016
1,MIDTOWN EAST,Manhattan,1109,514,2293143.407,2016
1,MIDTOWN WEST,Manhattan,2350,588,2835472.246,2016
1,MIDTOWN,Manhattan,1222.333333,426.3333333,11149672.7,2016
3,MIDWOOD,Brooklyn,319,256,966292.5831,2016
3,MILL BASIN,Brooklyn,103,101,932637.6893,2016
1,MORNINGSIDE HEIGHTS,Manhattan,72,16,2440587.764,2016
2,MORRIS PARK, Bronx,177,155,453565.0226,2016
2,VAN NEST, Bronx,177,155,453565.0226,2016
2,MORRISANIA, Bronx,249,234,1256576.976,2016
2,LONGWOOD, Bronx,249,234,1256576.976,2016
2,MOTT HAVEN, Bronx,105,101,2116527.486,2016
2,PORT MORRIS, Bronx,105,101,2116527.486,2016
2,MOUNT HOPE, Bronx,65,59,3015658.354,2016
2,MOUNT EDEN, Bronx,65,59,3015658.354,2016
1,MURRAY HILL,Manhattan,503,282,2584603.342,2016
3,NAVY YARD,Brooklyn,117,112,2046847.359,2016
4,NEPONSIT,Queens,21,21,893500,2016
5,NEW BRIGHTON,Staten Island,159,142,340425.3899,2016
5,ST. GEORGE,Staten Island,28,17,501568.1429,2016
5,NEW DORP,Staten Island,121,119,531485.9174,2016
5,NEW DORP BEACH,Staten Island,112,104,305164.0893,2016
5,NEW DORP-HEIGHTS,Staten Island,81,80,559543.9506,2016
5,NEW SPRINGVILLE,Staten Island,356,347,416631.7725,2016
4,OAKLAND GARDENS,Queens,343,125,425037.309,2016
5,OAKWOOD,Staten Island,28,28,570690.8214,2016
5,OAKWOOD-BEACH,Staten Island,62,62,462499,2016
3,OCEAN HILL,Brooklyn,261,247,793948.1188,2016
3,OCEAN PARKWAY-NORTH,Brooklyn,370,267,1140262.778,2016
3,OCEAN PARKWAY-SOUTH,Brooklyn,239,173,906127.8661,2016
3,OLD MILL BASIN,Brooklyn,185,167,542896.8865,2016
4,OZONE PARK,Queens,335,321,506077.7194,2016
3,PARK SLOPE,Brooklyn,480,396,1716417.013,2016
3,PARK SLOPE SOUTH,Brooklyn,132,127,1719788.386,2016
2,PARKCHESTER, Bronx,345,318,236691.8899,2016
2,PELHAM GARDENS, Bronx,44,43,607542,2016
2,PELHAM PARKWAY NORTH, Bronx,95,89,593368.3895,2016
2,PELHAM PARKWAY SOUTH, Bronx,102,57,367813,2016
5,PLEASANT PLAINS,Staten Island,45,43,649308.4889,2016
5,PORT IVORY,Staten Island,51,47,323973.1765,2016
5,PORT RICHMOND,Staten Island,175,170,353598.8686,2016
5,PRINCES BAY,Staten Island,116,111,644840.4483,2016
3,PROSPECT HEIGHTS,Brooklyn,213,152,1499103.103,2016
4,QUEENS VILLAGE,Queens,451,382,437655.3259,2016
3,RED HOOK,Brooklyn,36,35,1459545.194,2016
4,REGO PARK,Queens,536,241,758870.7929,2016
4,RICHMOND HILL,Queens,492,474,559684.2439,2016
5,RICHMONDTOWN,Staten Island,55,54,716954.3091,2016
5,RICHMONDTOWN-LIGHTHS HILL,Staten Island,13,13,678722.2308,2016
4,RIDGEWOOD,Queens,259,249,1209530.301,2016
2,RIVERDALE, Bronx,575,208,459209.2017,2016
4,ROCKAWAY PARK,Queens,96,81,519486.6667,2016
5,ROSEBANK,Staten Island,178,158,422938.8146,2016
4,ROSEDALE,Queens,295,277,454523.3085,2016
5,ROSSVILLE,Staten Island,121,121,493505.2562,2016
5,ROSSVILLE-CHARLESTON,Staten Island,39,38,978269.4359,2016
5,ROSSVILLE-PORT MOBIL,Staten Island,7,7,3821848.286,2016
5,ROSSVILLE-RICHMOND VALLEY,Staten Island,13,12,659245.3077,2016
2,SCHUYLERVILLE, Bronx,188,169,779404.75,2016
2,PELHAM BAY, Bronx,188,169,779404.75,2016
3,SEAGATE,Brooklyn,40,40,599753.9,2016
3,SHEEPSHEAD BAY,Brooklyn,636,455,609821.5362,2016
5,SILVER LAKE,Staten Island,46,46,578344.1957,2016
4,SO. JAMAICA-BAISLEY PARK,Queens,442,393,375322.138,2016
1,SOHO,Manhattan,281,248,6856526.342,2016
2,SOUNDVIEW, Bronx,369,325,1081056.959,2016
5,SOUTH BEACH,Staten Island,171,166,452811.5439,2016
4,SOUTH JAMAICA,Queens,405,352,375917.5457,2016
4,SOUTH OZONE PARK,Queens,343,324,453759.7726,2016
1,SOUTHBRIDGE,Manhattan,131,37,2791699.076,2016
3,SPRING CREEK,Brooklyn,4,4,2500020.75,2016
4,SPRINGFIELD GARDENS,Queens,399,358,504775.3584,2016
4,ST. ALBANS,Queens,431,383,385760.1346,2016
5,STAPLETON,Staten Island,87,81,374991.908,2016
5,STAPLETON-CLIFTON,Staten Island,69,69,401727.6087,2016
4,SUNNYSIDE,Queens,211,128,1186340.038,2016
5,SUNNYSIDE,Staten Island,46,46,450544.913,2016
3,SUNSET PARK,Brooklyn,354,328,1170197.802,2016
2,THROGS NECK, Bronx,233,220,439476.4635,2016
5,TODT HILL,Staten Island,29,29,1638817.586,2016
5,TOMPKINSVILLE,Staten Island,32,31,409614.2813,2016
5,TOTTENVILLE,Staten Island,205,200,608122.2976,2016
5,TRAVIS,Staten Island,83,81,537097.8313,2016
1,TRIBECA,Manhattan,463,455,7798594.693,2016
1,UPPER EAST SIDE (59-79),Manhattan,1562,776,2592769.143,2016
1,UPPER EAST SIDE (79-96),Manhattan,1286,819,2437840.37,2016
1,UPPER EAST SIDE (96-110),Manhattan,51,33,2490842.51,2016
1,UPPER EAST SIDE,Manhattan,966.3333333,542.6666667,2507150.674,2016
1,UPPER WEST SIDE (59-79),Manhattan,1138,629,2564722.81,2016
1,UPPER WEST SIDE (79-96),Manhattan,737,429,2347387.986,2016
1,UPPER WEST SIDE (96-116),Manhattan,337,184,2239925.404,2016
1,UPPER WEST SIDE,Manhattan,737.3333333,414,2384012.067,2016
2,VAN CORTLANDT PARK, Bronx,4,1,215625,2016
2,WAKEFIELD, Bronx,200,185,557559.915,2016
1,WASHINGTON HEIGHTS LOWER,Manhattan,127,98,4080440.37,2016
1,WASHINGTON HEIGHTS UPPER,Manhattan,298,114,1829788.295,2016
1,WASHINGTON HEIGHTS UPPER,Manhattan,212.5,106,2955114.333,2016
5,WEST NEW BRIGHTON,Staten Island,234,224,424870.5726,2016
2,WESTCHESTER SQUARE, Bronx,96,93,1102138.51,2016
5,WESTERLEIGH,Staten Island,160,159,494768.3688,2016
4,WHITESTONE,Queens,296,220,729602.5338,2016
2,WILLIAMSBRIDGE, Bronx,343,298,442751.8921,2016
3,WILLIAMSBURG-CENTRAL,Brooklyn,126,123,800773.0556,2016
3,WILLIAMSBURG-EAST,Brooklyn,306,297,2215010.846,2016
3,WILLIAMSBURG-NORTH,Brooklyn,253,248,3979139.719,2016
3,WILLIAMSBURG-SOUTH,Brooklyn,343,336,1889705.534,2016
3,WILLIAMSBURG,Brooklyn,257,251,2221157.289,2016
5,WILLOWBROOK,Staten Island,156,154,544189.3077,2016
3,WINDSOR TERRACE,Brooklyn,118,84,987482.6864,2016
4,WOODHAVEN,Queens,293,281,589762.9454,2016
2,WOODLAWN, Bronx,77,51,553378.2727,2016
5,WOODROW,Staten Island,107,103,615208.1028,2016
4,WOODSIDE,Queens,284,158,717591.9366,2016
3,WYCKOFF HEIGHTS,Brooklyn,57,56,1363859.193,2016
4,AIRPORT JFK,Queens,1,1,7800000,2015
4,LA GUARDIA AIRPORT,Queens,2,2,620000,2015
1,ALPHABET CITY,Manhattan,122,96,2144088.262,2015
5,ANNADALE,Staten Island,111,111,656467.4775,2015
5,ARDEN HEIGHTS,Staten Island,190,187,340738.1105,2015
5,ARROCHAR,Staten Island,24,24,542359,2015
5,SHORE ACRES,Staten Island,25,12,273280,2015
4,ARVERNE,Queens,190,179,449895.8105,2015
4,ASTORIA,Queens,575,461,1157076.866,2015
3,BATH BEACH,Brooklyn,186,155,899535.1935,2015
2,BATHGATE, Bronx,60,58,1012596.467,2015
3,BAY RIDGE,Brooklyn,674,439,774377.4896,2015
2,BAYCHESTER, Bronx,231,215,416007.5931,2015
4,BAYSIDE,Queens,783,554,649245.3525,2015
2,BEDFORD PARK, Bronx,146,108,1496996.24,2015
2,NORWOOD, Bronx,146,108,1496996.24,2015
3,BEDFORD STUYVESANT,Brooklyn,1007,968,1217937.524,2015
4,BEECHHURST,Queens,140,74,492897.7214,2015
4,BELLE HARBOR,Queens,88,86,687099.6136,2015
4,BELLEROSE,Queens,129,126,497100.7752,2015
2,BELMONT, Bronx,65,64,1252375.923,2015
3,BENSONHURST,Brooklyn,257,249,1055017.708,2015
3,BERGEN BEACH,Brooklyn,124,122,595478.7016,2015
5,BLOOMFIELD,Staten Island,3,3,525333.3333,2015
3,BOERUM HILL,Brooklyn,116,108,1836236.026,2015
3,BOROUGH PARK,Brooklyn,589,572,1120368.862,2015
4,BRIARWOOD,Queens,140,66,345997.6571,2015
3,BRIGHTON BEACH,Brooklyn,296,212,732535.8581,2015
4,BROAD CHANNEL,Queens,30,30,225465.3667,2015
2,BRONX PARK, Bronx,2,2,536153.5,2015
2,BRONXDALE, Bronx,199,169,818432.0653,2015
3,BROOKLYN HEIGHTS,Brooklyn,305,188,2136402.062,2015
3,BROOKLYN-UNKNOWN,Brooklyn,6,6,17200147.5,2015
3,BROWNSVILLE,Brooklyn,145,138,798378.7862,2015
5,BULLS HEAD,Staten Island,208,203,435771.1394,2015
3,BUSH TERMINAL,Brooklyn,33,33,6451263.879,2015
3,BUSHWICK,Brooklyn,524,487,1233594.807,2015
4,CAMBRIA HEIGHTS,Queens,104,99,375265.3846,2015
3,CANARSIE,Brooklyn,442,424,446697.6855,2015
3,CARROLL GARDENS,Brooklyn,114,109,2225340.465,2015
2,CASTLE HILL, Bronx,107,100,1027145.925,2015
2,UNIONPORT, Bronx,107,100,1027145.925,2015
5,CASTLETON CORNERS,Staten Island,100,99,445628.35,2015
1,CHELSEA,Manhattan,680,451,4531148.712,2015
1,CHINATOWN,Manhattan,97,96,4766976.67,2015
2,CITY ISLAND, Bronx,55,52,492733.8909,2015
2,CITY ISLAND-PELHAM STRIP, Bronx,2,2,913888.5,2015
1,CIVIC CENTER,Manhattan,127,101,3777318.433,2015
1,CLINTON,Manhattan,347,315,4670274.813,2015
3,CLINTON HILL,Brooklyn,273,159,1718482.579,2015
5,CLOVE LAKES,Staten Island,58,45,433997.1897,2015
2,CO-OP CITY, Bronx,1,1,850000,2015
3,COBBLE HILL,Brooklyn,114,102,2790699.447,2015
3,COBBLE HILL-WEST,Brooklyn,54,53,1578508.185,2015
4,COLLEGE POINT,Queens,246,240,688209.2276,2015
5,CONCORD,Staten Island,62,61,330245.8548,2015
5,CONCORD-FOX HILLS,Staten Island,12,11,278402.1667,2015
3,CONEY ISLAND,Brooklyn,167,95,1799958.491,2015
4,CORONA,Queens,408,356,703121.2868,2015
2,COUNTRY CLUB, Bronx,108,105,456447.0648,2015
2,CROTONA PARK, Bronx,33,30,680871.2424,2015
3,CROWN HEIGHTS,Brooklyn,601,550,1415660.466,2015
3,CYPRESS HILLS,Brooklyn,242,224,634352.6488,2015
5,DONGAN HILLS,Staten Island,59,54,526662.2203,2015
5,DONGAN HILLS-COLONY,Staten Island,41,41,702365.8537,2015
5,DONGAN HILLS-OLD TOWN,Staten Island,4,4,479010,2015
4,DOUGLASTON,Queens,163,116,610262.0307,2015
3,DOWNTOWN-FULTON FERRY,Brooklyn,111,107,1733596.577,2015
3,DOWNTOWN-FULTON MALL,Brooklyn,139,124,5048965.043,2015
3,DOWNTOWN-METROTECH,Brooklyn,108,63,814918.0463,2015
3,DYKER HEIGHTS,Brooklyn,170,170,936430.2,2015
4,EAST ELMHURST,Queens,137,133,603862.854,2015
3,EAST NEW YORK,Brooklyn,666,617,598842.7928,2015
2,EAST TREMONT, Bronx,106,90,1332723.66,2015
1,EAST VILLAGE,Manhattan,164,112,3280317.543,2015
4,ELMHURST,Queens,548,393,716109.0292,2015
5,ELTINGVILLE,Staten Island,202,201,456626.1584,2015
5,EMERSON HILL,Staten Island,4,4,1491133.75,2015
4,FAR ROCKAWAY,Queens,254,245,625682.811,2015
1,FASHION,Manhattan,107,82,19801686.21,2015
2,FIELDSTON, Bronx,26,16,1219535.192,2015
1,FINANCIAL,Manhattan,368,352,4340439.47,2015
3,FLATBUSH,Brooklyn,409,326,1848082.782,2015
3,EAST FLATBUSH,Brooklyn,495,430,778218.5778,2015
3,FLATBUSH-LEFFERTS GARDEN,Brooklyn,117,94,1461084.991,2015
3,FLATBUSH-NORTH,Brooklyn,244,220,1402935.311,2015
1,FLATIRON,Manhattan,370,275,11681055.7,2015
3,FLATLANDS,Brooklyn,102,89,656544.2647,2015
4,FLORAL PARK,Queens,122,108,517131.1475,2015
4,FLUSHING MEADOW PARK,Queens,11,4,323045.4545,2015
4,FLUSHING-NORTH,Queens,1612,1268,1221923.174,2015
4,FLUSHING-SOUTH,Queens,605,377,736332.8347,2015
2,FORDHAM, Bronx,56,53,2895674.571,2015
4,FOREST HILLS,Queens,993,478,615889.429,2015
3,FORT GREENE,Brooklyn,190,136,2984900.668,2015
4,FRESH MEADOWS,Queens,116,92,668805.6983,2015
3,GERRITSEN BEACH,Brooklyn,63,60,369734.5238,2015
4,GLEN OAKS,Queens,279,49,404985.129,2015
4,GLENDALE,Queens,276,230,618613.0978,2015
3,GOWANUS,Brooklyn,82,82,3336146.585,2015
1,GRAMERCY,Manhattan,401,168,2280862.035,2015
5,GRANT CITY,Staten Island,96,84,387195.9896,2015
5,GRASMERE,Staten Island,74,74,763568.3378,2015
3,GRAVESEND,Brooklyn,386,353,791008.4275,2015
5,GREAT KILLS,Staten Island,388,381,429840.5464,2015
5,GREAT KILLS-BAY TERRACE,Staten Island,36,32,405148,2015
3,GREENPOINT,Brooklyn,273,266,2784319.824,2015
1,GREENWICH VILLAGE-CENTRAL,Manhattan,532,213,3280284.665,2015
1,GREENWICH VILLAGE-WEST,Manhattan,504,334,4026801.419,2015
1,GREENWICH VILLAGE,Manhattan,518,273.5,3653543.042,2015
5,GRYMES HILL,Staten Island,40,30,400776.55,2015
4,HAMMELS,Queens,52,50,456852.7115,2015
1,HARLEM,Manhattan,620,541,2323698.469,2015
1,EAST HARLEM,Manhattan,147,129,2541624.184,2015
1,HARLEM-UPPER,Manhattan,151,140,1890568.139,2015
1,HARLEM-WEST,Manhattan,32,27,3942474.281,2015
2,HIGHBRIDGE, Bronx,88,81,1821977.602,2015
2,MORRIS HEIGHTS, Bronx,88,81,1821977.602,2015
4,HILLCREST,Queens,82,51,374492.8293,2015
4,HOLLIS,Queens,273,258,504398,2015
4,HOLLIS HILLS,Queens,50,27,599050,2015
4,HOLLISWOOD,Queens,75,43,581734.56,2015
4,HOWARD BEACH,Queens,370,260,440072.1946,2015
5,HUGUENOT,Staten Island,86,85,579760.1395,2015
2,HUNTS POINT, Bronx,48,48,1323531.146,2015
1,INWOOD,Manhattan,115,53,1210150.087,2015
4,JACKSON HEIGHTS,Queens,802,432,506731.9414,2015
4,JAMAICA,Queens,204,157,1000404.735,2015
4,JAMAICA BAY,Queens,7,6,288669.7143,2015
4,JAMAICA ESTATES,Queens,71,65,2009773.408,2015
4,JAMAICA HILLS,Queens,61,49,530201.1803,2015
1,JAVITS CENTER,Manhattan,34,13,11874624.35,2015
3,KENSINGTON,Brooklyn,94,58,1017688.234,2015
4,KEW GARDENS,Queens,266,103,494845.9925,2015
2,KINGSBRIDGE HTS/UNIV HTS, Bronx,98,67,1683680.827,2015
2,JEROME PARK, Bronx,163,107,1768788.423,2015
2,KINGSBRIDGE, Bronx,163,107,1768788.423,2015
1,KIPS BAY,Manhattan,224,158,26749340.07,2015
4,LAURELTON,Queens,172,157,383950.1221,2015
1,LITTLE ITALY,Manhattan,64,63,7834421.547,2015
4,LITTLE NECK,Queens,182,110,619026.6484,2015
5,LIVINGSTON,Staten Island,31,24,313736.6452,2015
4,LONG ISLAND CITY,Queens,350,304,4319532.466,2015
1,LOWER EAST SIDE,Manhattan,261,122,2760003.011,2015
3,MADISON,Brooklyn,236,202,780242.4915,2015
3,MANHATTAN BEACH,Brooklyn,66,66,1340339.727,2015
1,MANHATTAN VALLEY,Manhattan,200,169,1810856.61,2015
5,MANOR HEIGHTS,Staten Island,98,96,527977.9286,2015
3,MARINE PARK,Brooklyn,272,224,663181.5294,2015
5,MARINERS HARBOR,Staten Island,129,123,277551.5581,2015
4,MASPETH,Queens,266,254,805389.8158,2015
2,MELROSE, Bronx,202,108,996335.7772,2015
2,CONCOURSE, Bronx,202,108,996335.7772,2015
4,MIDDLE VILLAGE,Queens,286,274,657770.3077,2015
5,MIDLAND BEACH,Staten Island,263,258,367459.5894,2015
1,MIDTOWN CBD,Manhattan,158,112,14276890.63,2015
1,MIDTOWN EAST,Manhattan,1165,545,2759218.866,2015
1,MIDTOWN WEST,Manhattan,3784,654,2506259.725,2015
1,MIDTOWN,Manhattan,1702.333333,437,6514123.074,2015
3,MIDWOOD,Brooklyn,262,216,974720.3015,2015
3,MILL BASIN,Brooklyn,78,78,799633.1538,2015
1,MORNINGSIDE HEIGHTS,Manhattan,73,17,1390416.26,2015
2,MORRIS PARK, Bronx,135,123,1279009.696,2015
2,VAN NEST, Bronx,135,123,1279009.696,2015
2,MORRISANIA, Bronx,248,225,907696.3831,2015
2,LONGWOOD, Bronx,248,225,907696.3831,2015
2,MOTT HAVEN, Bronx,104,97,1908432.923,2015
2,PORT MORRIS, Bronx,104,97,1908432.923,2015
2,MOUNT HOPE, Bronx,56,53,4355458.304,2015
2,MOUNT EDEN, Bronx,56,53,4355458.304,2015
1,MURRAY HILL,Manhattan,627,367,2733107.931,2015
3,NAVY YARD,Brooklyn,13,13,1753546.308,2015
4,NEPONSIT,Queens,24,23,986958.3333,2015
5,NEW BRIGHTON,Staten Island,122,105,319051.0082,2015
5,ST. GEORGE,Staten Island,103,97,839391.2913,2015
5,NEW DORP,Staten Island,110,107,487602.3455,2015
5,NEW DORP BEACH,Staten Island,64,63,305191.1406,2015
5,NEW DORP-HEIGHTS,Staten Island,59,57,522093.0678,2015
5,NEW SPRINGVILLE,Staten Island,281,277,372939.7367,2015
4,OAKLAND GARDENS,Queens,321,98,414130.9439,2015
5,OAKWOOD,Staten Island,32,30,475118.3438,2015
5,OAKWOOD-BEACH,Staten Island,43,43,992994.3023,2015
3,OCEAN HILL,Brooklyn,305,281,853913.4131,2015
3,OCEAN PARKWAY-NORTH,Brooklyn,347,238,822415.928,2015
3,OCEAN PARKWAY-SOUTH,Brooklyn,244,190,1023374.775,2015
3,OLD MILL BASIN,Brooklyn,146,134,419287.6438,2015
4,OZONE PARK,Queens,327,308,485240.0917,2015
3,PARK SLOPE,Brooklyn,510,410,1826000.916,2015
3,PARK SLOPE SOUTH,Brooklyn,135,130,1667482.77,2015
2,PARKCHESTER, Bronx,291,267,302362.1306,2015
2,PELHAM GARDENS, Bronx,37,37,445224.3243,2015
2,PELHAM PARKWAY NORTH, Bronx,75,73,493009.5467,2015
2,PELHAM PARKWAY SOUTH, Bronx,86,58,3462106.256,2015
5,PLEASANT PLAINS,Staten Island,27,27,642257.4815,2015
5,PORT IVORY,Staten Island,25,23,289487.4,2015
5,PORT RICHMOND,Staten Island,126,122,328654.3175,2015
5,PRINCES BAY,Staten Island,105,101,540800.9524,2015
3,PROSPECT HEIGHTS,Brooklyn,183,129,1482388.475,2015
4,QUEENS VILLAGE,Queens,412,356,418707.6019,2015
3,RED HOOK,Brooklyn,23,22,1277739.13,2015
4,REGO PARK,Queens,531,244,444357.7533,2015
4,RICHMOND HILL,Queens,453,435,562413.1611,2015
5,RICHMONDTOWN,Staten Island,52,52,558138.1731,2015
5,RICHMONDTOWN-LIGHTHS HILL,Staten Island,5,5,1029889,2015
4,RIDGEWOOD,Queens,311,302,998426.6238,2015
2,RIVERDALE, Bronx,563,201,636050.3499,2015
4,ROCKAWAY PARK,Queens,90,74,481327.9222,2015
5,ROSEBANK,Staten Island,148,140,648457.7297,2015
4,ROSEDALE,Queens,248,227,407142.2581,2015
5,ROSSVILLE,Staten Island,114,113,401900.4123,2015
5,ROSSVILLE-CHARLESTON,Staten Island,39,38,891353.6667,2015
5,ROSSVILLE-PORT MOBIL,Staten Island,5,5,3627421.6,2015
5,ROSSVILLE-RICHMOND VALLEY,Staten Island,6,6,499458.3333,2015
2,SCHUYLERVILLE, Bronx,168,148,683678.3333,2015
2,PELHAM BAY, Bronx,168,148,683678.3333,2015
3,SEAGATE,Brooklyn,44,42,482468.1818,2015
3,SHEEPSHEAD BAY,Brooklyn,556,374,533225.2824,2015
5,SILVER LAKE,Staten Island,50,50,454929.92,2015
4,SO. JAMAICA-BAISLEY PARK,Queens,388,353,350414.1443,2015
1,SOHO,Manhattan,191,156,8485640.843,2015
2,SOUNDVIEW, Bronx,243,212,638387.3086,2015
5,SOUTH BEACH,Staten Island,111,109,437784.7117,2015
4,SOUTH JAMAICA,Queens,337,307,450917.7745,2015
4,SOUTH OZONE PARK,Queens,286,268,451779.4301,2015
1,SOUTHBRIDGE,Manhattan,63,45,2965954.905,2015
4,SPRINGFIELD GARDENS,Queens,368,338,585886.3587,2015
4,ST. ALBANS,Queens,390,354,370987.9846,2015
5,STAPLETON,Staten Island,74,72,349020.8243,2015
5,STAPLETON-CLIFTON,Staten Island,30,29,355156.9,2015
4,SUNNYSIDE,Queens,199,129,929600.6734,2015
5,SUNNYSIDE,Staten Island,43,42,471471.4419,2015
3,SUNSET PARK,Brooklyn,380,357,1138961.995,2015
2,THROGS NECK, Bronx,186,182,470192.414,2015
5,TODT HILL,Staten Island,19,19,1368500,2015
5,TOMPKINSVILLE,Staten Island,39,36,378107.4359,2015
5,TOTTENVILLE,Staten Island,145,141,592733.3379,2015
5,TRAVIS,Staten Island,61,59,490241.9672,2015
1,TRIBECA,Manhattan,520,510,3027382.633,2015
1,UPPER EAST SIDE (59-79),Manhattan,1903,831,2802138.954,2015
1,UPPER EAST SIDE (79-96),Manhattan,1404,802,2439779.715,2015
1,UPPER EAST SIDE (96-110),Manhattan,47,30,2372980.106,2015
1,UPPER EAST SIDE,Manhattan,1118,554.3333333,2538299.592,2015
1,UPPER WEST SIDE (59-79),Manhattan,1364,823,3023110.001,2015
1,UPPER WEST SIDE (79-96),Manhattan,815,486,3059157.047,2015
1,UPPER WEST SIDE (96-116),Manhattan,337,171,2195236.635,2015
1,UPPER WEST SIDE,Manhattan,838.6666667,493.3333333,2759167.894,2015
2,VAN CORTLANDT PARK, Bronx,4,2,320411,2015
2,WAKEFIELD, Bronx,162,155,596598.9074,2015
1,WASHINGTON HEIGHTS LOWER,Manhattan,158,119,3049034.532,2015
1,WASHINGTON HEIGHTS UPPER,Manhattan,305,104,1408241.348,2015
1,WASHINGTON HEIGHTS,Manhattan,231.5,111.5,2228637.94,2015
5,WEST NEW BRIGHTON,Staten Island,164,153,366756.8841,2015
2,WESTCHESTER SQUARE, Bronx,99,94,817808.6465,2015
5,WESTERLEIGH,Staten Island,138,134,466078.942,2015
4,WHITESTONE,Queens,272,192,701020.4853,2015
2,WILLIAMSBRIDGE, Bronx,255,226,656808.0353,2015
3,WILLIAMSBURG-CENTRAL,Brooklyn,74,74,844465.2297,2015
3,WILLIAMSBURG-EAST,Brooklyn,281,276,1900522.996,2015
3,WILLIAMSBURG-NORTH,Brooklyn,291,285,3645823.464,2015
3,WILLIAMSBURG-SOUTH,Brooklyn,212,208,1203619.514,2015
3,WILLIAMSBURG,Brooklyn,214.5,210.75,1898607.801,2015
5,WILLOWBROOK,Staten Island,112,111,469988.2768,2015
3,WINDSOR TERRACE,Brooklyn,124,80,930847.8145,2015
4,WOODHAVEN,Queens,263,246,542369.1787,2015
2,WOODLAWN, Bronx,67,55,391162.6418,2015
5,WOODROW,Staten Island,69,69,494277.8696,2015
4,WOODSIDE,Queens,263,146,717276.7719,2015
3,WYCKOFF HEIGHTS,Brooklyn,97,96,2382701.608,2015
4,LA GUARDIA AIRPORT,Queens,2,2,480500,2014
1,ALPHABET CITY,Manhattan,115,87,2939973.113,2014
5,ANNADALE,Staten Island,117,112,639716.5641,2014
5,ARDEN HEIGHTS,Staten Island,175,174,331342.8229,2014
5,ARROCHAR,Staten Island,20,20,436429.35,2014
5,SHORE ACRES,Staten Island,26,18,305832.6923,2014
4,ARVERNE,Queens,145,136,406425.3103,2014
4,ASTORIA,Queens,612,483,1427899.706,2014
3,BATH BEACH,Brooklyn,211,182,737936.4929,2014
2,BATHGATE, Bronx,44,40,832823.1364,2014
3,BAY RIDGE,Brooklyn,695,451,641572.046,2014
2,BAYCHESTER, Bronx,225,198,372385.6622,2014
4,BAYSIDE,Queens,801,572,611403.0449,2014
2,BEDFORD PARK, Bronx,166,129,1765328.801,2014
2,NORWOOD, Bronx,166,129,1765328.801,2014
3,BEDFORD STUYVESANT,Brooklyn,1243,1135,934985.4755,2014
4,BEECHHURST,Queens,157,94,647711.9809,2014
4,BELLE HARBOR,Queens,74,68,617942,2014
4,BELLEROSE,Queens,135,135,563243.3852,2014
2,BELMONT, Bronx,63,60,1036840.619,2014
3,BENSONHURST,Brooklyn,311,292,876887.1994,2014
3,BERGEN BEACH,Brooklyn,96,94,690614.0521,2014
5,BLOOMFIELD,Staten Island,5,4,2106223.4,2014
3,BOERUM HILL,Brooklyn,123,119,2570728.715,2014
3,BOROUGH PARK,Brooklyn,609,597,956007.3563,2014
4,BRIARWOOD,Queens,135,71,286336.3185,2014
3,BRIGHTON BEACH,Brooklyn,219,164,946409.4521,2014
4,BROAD CHANNEL,Queens,28,27,261723.7857,2014
2,BRONX PARK, Bronx,6,6,3935444.5,2014
2,BRONX-UNKNOWN, Bronx,2,2,655000,2014
2,BRONXDALE, Bronx,179,158,429776.0782,2014
3,BROOKLYN HEIGHTS,Brooklyn,313,188,1929753.316,2014
3,BROOKLYN-UNKNOWN,Brooklyn,6,6,2216874.667,2014
3,BROWNSVILLE,Brooklyn,140,131,1245637.593,2014
5,BULLS HEAD,Staten Island,179,179,383891.2067,2014
3,BUSH TERMINAL,Brooklyn,53,52,1454237.925,2014
3,BUSHWICK,Brooklyn,614,581,978562.0342,2014
4,CAMBRIA HEIGHTS,Queens,96,89,467276.8333,2014
3,CANARSIE,Brooklyn,430,412,439002.2163,2014
3,CARROLL GARDENS,Brooklyn,147,141,1785547.701,2014
2,CASTLE HILL, Bronx,88,82,445095.3636,2014
2,UNIONPORT, Bronx,88,82,445095.3636,2014
5,CASTLETON CORNERS,Staten Island,104,98,439954.4231,2014
1,CHELSEA,Manhattan,827,549,3855090.092,2014
1,CHINATOWN,Manhattan,119,116,3198634.824,2014
2,CITY ISLAND, Bronx,53,53,516111.8868,2014
1,CIVIC CENTER,Manhattan,190,161,5069408.179,2014
1,CLINTON,Manhattan,229,174,1964483.231,2014
3,CLINTON HILL,Brooklyn,320,202,1146610.122,2014
5,CLOVE LAKES,Staten Island,81,60,460229.7284,2014
2,CO-OP CITY, Bronx,2,2,280000,2014
3,COBBLE HILL,Brooklyn,72,59,1489963.889,2014
3,COBBLE HILL-WEST,Brooklyn,81,79,1139374.457,2014
4,COLLEGE POINT,Queens,246,240,723712.4756,2014
5,CONCORD,Staten Island,58,52,279507.4483,2014
5,CONCORD-FOX HILLS,Staten Island,33,33,269408.4242,2014
3,CONEY ISLAND,Brooklyn,173,75,607744.185,2014
4,CORONA,Queens,444,380,653988.6306,2014
2,COUNTRY CLUB, Bronx,105,103,439865.2476,2014
2,CROTONA PARK, Bronx,38,36,939539.6316,2014
3,CROWN HEIGHTS,Brooklyn,662,608,1173899.988,2014
3,CYPRESS HILLS,Brooklyn,228,204,412709.5307,2014
5,DONGAN HILLS,Staten Island,64,60,427671.3906,2014
5,DONGAN HILLS-COLONY,Staten Island,30,30,709861,2014
5,DONGAN HILLS-OLD TOWN,Staten Island,5,5,1591000,2014
4,DOUGLASTON,Queens,170,115,543513.1941,2014
3,DOWNTOWN-FULTON FERRY,Brooklyn,113,110,1849599.186,2014
3,DOWNTOWN-FULTON MALL,Brooklyn,117,98,2912177.205,2014
3,DOWNTOWN-METROTECH,Brooklyn,122,73,1058810.402,2014
3,DYKER HEIGHTS,Brooklyn,195,191,769248.9231,2014
4,EAST ELMHURST,Queens,154,144,717061.7013,2014
3,EAST NEW YORK,Brooklyn,696,639,393185.0216,2014
2,EAST TREMONT, Bronx,96,88,1798669.083,2014
1,EAST VILLAGE,Manhattan,243,200,2016838.058,2014
4,ELMHURST,Queens,548,415,916163.7828,2014
5,ELTINGVILLE,Staten Island,190,187,434817.0947,2014
5,EMERSON HILL,Staten Island,11,11,836672.3636,2014
4,FAR ROCKAWAY,Queens,226,214,794938.0177,2014
1,FASHION,Manhattan,145,124,20201063.61,2014
2,FIELDSTON, Bronx,31,22,816871.7097,2014
1,FINANCIAL,Manhattan,525,485,7366796.411,2014
3,FLATBUSH,Brooklyn,466,362,1071733.047,2014
3,EAST FLATBUSH,Brooklyn,432,389,548051.7523,2014
3,FLATBUSH-LEFFERTS GARDEN,Brooklyn,152,108,1188234.816,2014
3,FLATBUSH-NORTH,Brooklyn,235,205,720863.0809,2014
1,FLATIRON,Manhattan,358,254,4339360.061,2014
3,FLATLANDS,Brooklyn,126,97,363140.2302,2014
4,FLORAL PARK,Queens,128,103,443384.2266,2014
4,FLUSHING MEADOW PARK,Queens,26,9,344486.1923,2014
4,FLUSHING-NORTH,Queens,1982,1601,722421.717,2014
4,FLUSHING-SOUTH,Queens,658,403,747172.3678,2014
2,FORDHAM, Bronx,55,55,4128064.691,2014
4,FOREST HILLS,Queens,922,327,484051.1106,2014
3,FORT GREENE,Brooklyn,185,137,1195545.611,2014
5,FRESH KILLS,Staten Island,1,1,3700000,2014
4,FRESH MEADOWS,Queens,105,89,686243.1238,2014
3,GERRITSEN BEACH,Brooklyn,82,80,369429.9268,2014
4,GLEN OAKS,Queens,287,44,377035.8014,2014
4,GLENDALE,Queens,261,209,472953.6475,2014
3,GOWANUS,Brooklyn,113,109,2503559.973,2014
1,GRAMERCY,Manhattan,575,268,2128930.616,2014
5,GRANT CITY,Staten Island,111,97,381523.3153,2014
5,GRASMERE,Staten Island,67,67,444194.4179,2014
3,GRAVESEND,Brooklyn,447,417,803056.311,2014
5,GREAT KILLS,Staten Island,392,381,420039.3265,2014
5,GREAT KILLS-BAY TERRACE,Staten Island,35,32,430303.9429,2014
3,GREENPOINT,Brooklyn,297,285,2042091.374,2014
1,GREENWICH VILLAGE-CENTRAL,Manhattan,556,201,2682242.806,2014
1,GREENWICH VILLAGE-WEST,Manhattan,496,311,3362686.546,2014
1,GREENWICH VILLAGE,Manhattan,526,256,3022464.676,2014
5,GRYMES HILL,Staten Island,44,35,350974.1136,2014
4,HAMMELS,Queens,32,30,313318.1563,2014
1,HARLEM,Manhattan,742,626,1654139.194,2014
1,EAST HARLEM,Manhattan,158,135,4456202.513,2014
1,HARLEM-UPPER,Manhattan,153,135,1665756.157,2014
1,HARLEM-WEST,Manhattan,23,18,3490286.826,2014
2,HIGHBRIDGE, Bronx,77,70,1287723.896,2014
2,MORRIS HEIGHTS, Bronx,77,70,1287723.896,2014
4,HILLCREST,Queens,78,56,487986.5513,2014
4,HOLLIS,Queens,275,249,547031.8691,2014
4,HOLLIS HILLS,Queens,50,39,652445,2014
4,HOLLISWOOD,Queens,83,44,429994.4699,2014
4,HOWARD BEACH,Queens,341,238,349673.085,2014
5,HUGUENOT,Staten Island,78,78,614923.1538,2014
2,HUNTS POINT, Bronx,67,63,2693212,2014
1,INWOOD,Manhattan,144,65,1028364.375,2014
4,JACKSON HEIGHTS,Queens,832,443,453804.2248,2014
4,JAMAICA,Queens,199,145,1035687.241,2014
4,JAMAICA BAY,Queens,13,13,281907.6923,2014
4,JAMAICA ESTATES,Queens,81,76,972744.321,2014
4,JAMAICA HILLS,Queens,44,39,506498.8636,2014
1,JAVITS CENTER,Manhattan,34,10,14963656.85,2014
3,KENSINGTON,Brooklyn,99,58,824449.9697,2014
4,KEW GARDENS,Queens,271,128,413026.0775,2014
2,KINGSBRIDGE HTS/UNIV HTS, Bronx,90,61,1646423.289,2014
2,KINGSBRIDGE, Bronx,185,121,937866.5459,2014
2,EROME PARK, Bronx,185,121,937866.5459,2014
1,KIPS BAY,Manhattan,237,172,20824828.03,2014
4,LAURELTON,Queens,161,141,360975.8199,2014
1,LITTLE ITALY,Manhattan,43,38,6497703.535,2014
4,LITTLE NECK,Queens,168,108,564504.7917,2014
5,LIVINGSTON,Staten Island,26,22,335318.6923,2014
4,LONG ISLAND CITY,Queens,399,364,2949616.822,2014
1,LOWER EAST SIDE,Manhattan,303,122,1765638.564,2014
3,MADISON,Brooklyn,271,233,725869.369,2014
3,MANHATTAN BEACH,Brooklyn,54,52,1284139.63,2014
1,MANHATTAN VALLEY,Manhattan,212,193,1613647.198,2014
1,MANHATTAN-UNKNOWN,Manhattan,3,3,5001666.667,2014
5,MANOR HEIGHTS,Staten Island,51,50,411135.2157,2014
3,MARINE PARK,Brooklyn,243,202,518100.0741,2014
5,MARINERS HARBOR,Staten Island,125,118,298231.816,2014
4,MASPETH,Queens,306,284,856178.0752,2014
2,MELROSE, Bronx,157,105,1628126.631,2014
2,CONCOURSE, Bronx,157,105,1628126.631,2014
4,MIDDLE VILLAGE,Queens,299,290,705568.1438,2014
5,MIDLAND BEACH,Staten Island,190,184,336191.3632,2014
1,MIDTOWN CBD,Manhattan,147,95,31007386.67,2014
1,MIDTOWN EAST,Manhattan,1102,420,1601041.024,2014
1,MIDTOWN WEST,Manhattan,2891,825,2809283.681,2014
1,MIDTOWN,Manhattan,1380,446.6666667,11805903.79,2014
3,MIDWOOD,Brooklyn,299,231,1152151.314,2014
3,MILL BASIN,Brooklyn,82,82,832277.122,2014
1,MORNINGSIDE HEIGHTS,Manhattan,79,21,852930.4937,2014
2,MORRIS PARK, Bronx,143,131,539987.7552,2014
2,VAN NEST, Bronx,143,131,539987.7552,2014
2,MORRISANIA, Bronx,220,205,1135930.545,2014
2,LONGWOOD, Bronx,220,205,1135930.545,2014
2,MOTT HAVEN, Bronx,81,74,1737250.222,2014
2,PORT MORRIS, Bronx,81,74,1737250.222,2014
2,MOUNT HOPE, Bronx,46,44,2851707.239,2014
2,MOUNT EDEN, Bronx,46,44,2851707.239,2014
1,MURRAY HILL,Manhattan,606,313,2318443.152,2014
3,NAVY YARD,Brooklyn,17,16,5172514.176,2014
4,NEPONSIT,Queens,24,24,886604.1667,2014
5,NEW BRIGHTON,Staten Island,124,104,291263.3387,2014
5,ST. GEORGE,Staten Island,23,13,495748.2609,2014
5,NEW DORP,Staten Island,103,102,518699.8544,2014
5,NEW DORP BEACH,Staten Island,51,51,294933.6471,2014
5,NEW DORP-HEIGHTS,Staten Island,60,60,511815.25,2014
5,NEW SPRINGVILLE,Staten Island,332,330,409203.5301,2014
4,OAKLAND GARDENS,Queens,357,121,354017.605,2014
5,OAKWOOD,Staten Island,40,40,477744.675,2014
5,OAKWOOD-BEACH,Staten Island,212,212,392791.1604,2014
3,OCEAN HILL,Brooklyn,422,369,782881.41,2014
3,OCEAN PARKWAY-NORTH,Brooklyn,351,245,761390.9772,2014
3,OCEAN PARKWAY-SOUTH,Brooklyn,253,187,763311.5652,2014
3,OLD MILL BASIN,Brooklyn,130,117,393156.5846,2014
4,OZONE PARK,Queens,301,294,441809.093,2014
3,PARK SLOPE,Brooklyn,568,456,1405271,2014
3,PARK SLOPE SOUTH,Brooklyn,146,141,1576894.897,2014
2,PARKCHESTER, Bronx,258,240,391853.0078,2014
2,PELHAM GARDENS, Bronx,31,31,468614.1935,2014
2,PELHAM PARKWAY NORTH, Bronx,87,84,589964.5977,2014
2,PELHAM PARKWAY SOUTH, Bronx,94,74,2490383.053,2014
5,PLEASANT PLAINS,Staten Island,39,39,679955.7949,2014
5,PORT IVORY,Staten Island,37,34,1372174.324,2014
5,PORT RICHMOND,Staten Island,107,101,445094.7757,2014
5,PRINCES BAY,Staten Island,112,111,626358,2014
3,PROSPECT HEIGHTS,Brooklyn,230,168,1428884.061,2014
4,QUEENS VILLAGE,Queens,385,313,379776.4208,2014
4,QUEENS-UNKNOWN,Queens,1,1,720000,2014
3,RED HOOK,Brooklyn,58,57,2549586.672,2014
4,REGO PARK,Queens,582,292,349216.9794,2014
4,RICHMOND HILL,Queens,451,427,521388.0665,2014
5,RICHMONDTOWN,Staten Island,48,48,591226.7708,2014
5,RICHMONDTOWN-LIGHTHS HILL,Staten Island,8,8,775937.5,2014
4,RIDGEWOOD,Queens,314,300,877529.5478,2014
2,RIVERDALE, Bronx,498,181,371028.7771,2014
4,ROCKAWAY PARK,Queens,78,71,409858.0128,2014
5,ROSEBANK,Staten Island,116,109,500321.819,2014
4,ROSEDALE,Queens,186,172,404957.1022,2014
5,ROSSVILLE,Staten Island,88,88,442772.3636,2014
5,ROSSVILLE-CHARLESTON,Staten Island,23,23,997840.8696,2014
5,ROSSVILLE-PORT MOBIL,Staten Island,3,3,1000000,2014
5,ROSSVILLE-RICHMOND VALLEY,Staten Island,3,3,2905000,2014
2,SCHUYLERVILLE, Bronx,151,142,514178,2014
2,PELHAM BAY, Bronx,151,142,514178,2014
3,SEAGATE,Brooklyn,37,36,565138.1081,2014
3,SHEEPSHEAD BAY,Brooklyn,578,383,746354.2664,2014
5,SILVER LAKE,Staten Island,42,42,529550.381,2014
4,SO. JAMAICA-BAISLEY PARK,Queens,369,332,397199.2195,2014
1,SOHO,Manhattan,257,216,9499411.603,2014
2,SOUNDVIEW, Bronx,246,226,579484.752,2014
5,SOUTH BEACH,Staten Island,121,116,485282.7769,2014
4,SOUTH JAMAICA,Queens,358,320,341446.5056,2014
4,SOUTH OZONE PARK,Queens,290,267,411361.5034,2014
1,SOUTHBRIDGE,Manhattan,60,55,13180938.87,2014
3,SPRING CREEK,Brooklyn,4,4,10305557.5,2014
4,SPRINGFIELD GARDENS,Queens,334,305,411421.2365,2014
4,ST. ALBANS,Queens,376,330,332886.6543,2014
5,STAPLETON,Staten Island,71,70,315569.7606,2014
5,STAPLETON-CLIFTON,Staten Island,23,23,333700.2609,2014
4,SUNNYSIDE,Queens,199,124,871877.8894,2014
5,SUNNYSIDE,Staten Island,35,34,413304.4,2014
3,SUNSET PARK,Brooklyn,386,364,1072374.523,2014
2,THROGS NECK, Bronx,153,148,487616.3595,2014
5,TODT HILL,Staten Island,32,30,1180968.75,2014
5,TOMPKINSVILLE,Staten Island,23,21,355519.1739,2014
5,TOTTENVILLE,Staten Island,135,134,745235.4519,2014
5,TRAVIS,Staten Island,85,85,415341.3412,2014
1,TRIBECA,Manhattan,355,343,3158048.98,2014
1,UPPER EAST SIDE (59-79),Manhattan,1799,914,3437724.326,2014
1,UPPER EAST SIDE (79-96),Manhattan,1438,730,2976134.839,2014
1,UPPER EAST SIDE (96-110),Manhattan,90,53,2008887.167,2014
1,UPPER EAST SIDE,Manhattan,1109,565.6666667,2807582.111,2014
1,UPPER WEST SIDE (59-79),Manhattan,1416,745,2306619.322,2014
1,UPPER WEST SIDE (79-96),Manhattan,875,537,1906766.062,2014
1,UPPER WEST SIDE (96-116),Manhattan,369,182,1709137.726,2014
1,UPPER WEST SIDE,Manhattan,886.6666667,488,1974174.37,2014
2,VAN CORTLANDT PARK, Bronx,4,1,211750,2014
2,WAKEFIELD, Bronx,126,117,507378.9603,2014
1,WASHINGTON HEIGHTS LOWER,Manhattan,193,152,2165137.731,2014
1,WASHINGTON HEIGHTS UPPER,Manhattan,350,121,1512756.006,2014
1,WASHINGTON HEIGHTS,Manhattan,271.5,136.5,1838946.868,2014
5,WEST NEW BRIGHTON,Staten Island,136,132,530826.9706,2014
2,WESTCHESTER, Bronx,86,83,708895.3953,2014
5,WESTERLEIGH,Staten Island,142,139,399365.9648,2014
4,WHITESTONE,Queens,283,223,679279.0141,2014
2,WILLIAMSBRIDGE, Bronx,255,225,540709.8588,2014
3,WILLIAMSBURG-CENTRAL,Brooklyn,114,113,627160.9474,2014
3,WILLIAMSBURG-EAST,Brooklyn,260,252,2322916.473,2014
3,WILLIAMSBURG-NORTH,Brooklyn,282,277,2790037.316,2014
3,WILLIAMSBURG-SOUTH,Brooklyn,158,145,2621347.576,2014
3,WILLIAMSBURG,Brooklyn,203.5,196.75,2090365.578,2014
5,WILLOWBROOK,Staten Island,115,110,434681.6957,2014
3,WINDSOR TERRACE,Brooklyn,143,100,867888.8881,2014
4,WOODHAVEN,Queens,228,217,471918.136,2014
2,WOODLAWN, Bronx,49,36,590431.2857,2014
5,WOODROW,Staten Island,75,75,447724.7067,2014
4,WOODSIDE,Queens,368,234,471435.9429,2014
3,WYCKOFF HEIGHTS,Brooklyn,89,86,1045196.629,2014